{"train_loss": 0.5122398734092712, "epoch": 2, "trainer/global_step": 310049, "_timestamp": 1717506429.797159, "_runtime": 753.9275090694427, "_step": 6200, "_wandb": {"runtime": 753}}