{"train_loss": 0.4667893052101135, "epoch": 0, "trainer/global_step": 7349, "_timestamp": 1717507754.258271, "_runtime": 35.975833892822266, "_step": 146, "_wandb": {"runtime": 35}}