{"Loss": 0.3016308546066284, "_timestamp": 1717663647.097928, "_runtime": 339.41939210891724, "_step": 54670, "Epoch": 6, "_wandb": {"runtime": 336}}