{"train_loss": 0.4702240824699402, "epoch": 0, "trainer/global_step": 7349, "_timestamp": 1717507354.500205, "_runtime": 26.11577296257019, "_step": 146, "_wandb": {"runtime": 25}}