{"train_loss": 0.5304566025733948, "epoch": 0, "trainer/global_step": 117799, "_timestamp": 1717506844.681086, "_runtime": 288.7720630168915, "_step": 2355, "_wandb": {"runtime": 288}}