{"train_loss": 0.47452467679977417, "epoch": 0, "trainer/global_step": 7349, "_timestamp": 1717508491.022023, "_runtime": 26.059591054916382, "_step": 146, "_wandb": {"runtime": 68}}