{"Loss": 0.399949848651886, "_timestamp": 1717663868.881699, "_runtime": 45.67214012145996, "_step": 7367, "Epoch": 1, "Training Accuracy": 0.8610117326277262, "_wandb": {"runtime": 45}}