{"train_loss": 0.5132369995117188, "epoch": 0, "trainer/global_step": 36499, "_timestamp": 1717506538.169631, "_runtime": 89.78920197486877, "_step": 729, "_wandb": {"runtime": 89}}