{"train_loss": 0.49152734875679016, "epoch": 0, "trainer/global_step": 649, "_timestamp": 1717507541.286688, "_runtime": 4.061470985412598, "_step": 12, "_wandb": {"runtime": 3}}