{"train_loss": 0.4628976583480835, "epoch": 0, "trainer/global_step": 7349, "_timestamp": 1717507461.3800352, "_runtime": 25.507452249526978, "_step": 146, "_wandb": {"runtime": 25}}