{"train_loss": 0.45703989267349243, "epoch": 0, "trainer/global_step": 7349, "_timestamp": 1717507190.2953742, "_runtime": 27.422068119049072, "_step": 146, "_wandb": {"runtime": 27}}