{"Loss": 0.31470364332199097, "_timestamp": 1717663766.571158, "_runtime": 49.90730285644531, "_step": 7367, "Epoch": 0, "Training Accuracy": 0.854893624581901, "_wandb": {"runtime": 47}}