{"train_loss": 0.5135930776596069, "epoch": 0, "trainer/global_step": 1099, "_timestamp": 1717507312.785862, "_runtime": 5.674336910247803, "_step": 21, "_wandb": {"runtime": 5}}