{"train_loss": 0.4693039059638977, "epoch": 0, "trainer/global_step": 7349, "_timestamp": 1717508112.611302, "_runtime": 29.289011001586914, "_step": 146, "_wandb": {"runtime": 29}}