{"train_loss": 0.4667290151119232, "epoch": 0, "trainer/global_step": 499, "_timestamp": 1717507275.3224168, "_runtime": 3.7284018993377686, "_step": 9, "_wandb": {"runtime": 2}}