{"train_loss": 0.49827367067337036, "epoch": 0, "trainer/global_step": 7349, "_timestamp": 1717508023.977973, "_runtime": 30.017242908477783, "_step": 146, "_wandb": {"runtime": 29}}